{
  "name": "whitehack3e",
  "title": "Whitehack Third Edition",
  "description": "A system for playing Whitehack Third Edition",
  "author": "Neil Benson (@OldScouserRPing)",
  "version": "1.0.0",
  "minimumCoreVersion": "0.7.9",
  "compatibleCoreVersion": "0.7.9",
  "esmodules": ["wh3e.js"],
  "styles": ["css/wh3e.css"],
  "packs": [
    {
      "name": "armour",
      "label": "Armour",
      "path": "/packs/armour.db",
      "entity": "Item"
    },
    {
      "name": "gear",
      "label": "Gear",
      "path": "/packs/gear.db",
      "entity": "Item"
    },
    {
      "name": "weapons",
      "label": "Weapons",
      "path": "/packs/weapons.db",
      "entity": "Item"
    }
  ],
  "languages": [
    {
      "lang": "en",
      "name": "English",
      "path": "lang/en.json"
    }
  ],
  "gridDistance": 5,
  "gridUnits": "ft",
  "primaryTokenAttribute": "hitPoints",
  "initiative": "1d6 + @attributes.dex.mod",
  "url": "https://github.com/hellbrandt/foundryvtt-whitehack-3e",
  "manifest": "https://raw.githubusercontent.com/hellbrandt/foundryvtt-whitehack-3e/main/src/system.json",
  "download": "https://raw.githubusercontent.com/hellbrandt/foundryvtt-whitehack-3e/main/dist/foundryvtt-whitehack3e-v0.1.0.zip"
}
